Companies Report,,,,,,,
12/7/2017 17:18,,,,,,,
Created by prophetadmin,,,,,,,
Company Name,Address,City,State/Prov,Zip,Company Phone,Website,Category
Allina Health , , ,MN , , ,www.allinahealth.org , 
Antech Diagnostics (Chicago) ,2601 West 22nd Street ,Oak Brook ,IL ,60523, ,www.antechdiagnostics.com , 
Antech Diagnostics (Irvine) ,17672 Cowan ,Irvine ,CA ,92614,949 752 0656 , , 
BioScrip (Vitality) ,10 Powerhouse Road ,Roslyn Heights ,NY ,11577,516 621 6838p36 , , 
Burlington Drug Company ,91 Catamount Drive ,Milton ,VT ,05468-3236 ,(802) 893-5105 Ext 201 ,www.Burlingtondrug.com , 
Cardinal Health PET (Seattle) ,"421 South Michigan St ",Seattle  ,WA ,98101,206 763 1203 , , 
Cardinal Health PET (Van Nuys) ,16310 Raymar Street ,Van Nuys ,CA ,91406,818 778 0515 , , 
"Central Admixture Pharmacy Services, Inc. (MD) ","12000 Indian Creek Court, Suite C ",Beltsville ,MD ,20705,(240) 264-1191 ,http://www.capspharmacy.com/ , 
Consonus Healthcare Pharmacy (Redmond) ,14729 NE 87th Street ,Redmond ,WA ,98052,866-698-5120 ,consonushealth.com , 
Heartland Healthcare Services ,4755 South Avenue ,Toledo ,OH - Ohio ,43615,419 535 8435 ,www.hhstol.com , 
Heartland Healthcare Services (Omnicare) (Sunrise) ,1161 Sawgrass Corporate Pkwy ,Sunrise ,FL ,33323,(954) 572-5597 , ,Prospects 
Hot Shots Nuclear Medicine ,1127 North North Street ,Peoria ,IL ,61603,(309) 676-1600 , , 
Island Care Pharmacy,"1860 Walt Whitman Road Suite 700",Melville,NY,11747,516 822 6300 ,www.islandcarerx.com , 
Tri Supreme Optical ,91 Carolyn Boulevard ,Farmingdale ,NY ,11735,631 249 2020 , , 
Yale New Haven Hospital ,20 York Street ,New Haven ,CT ,6510,(203) 688-4242 , , 
